{
  "project_info": {
    "project_number": "146605467751",
    "project_id": "exammate-ac0b8",
    "storage_bucket": "exammate-ac0b8.appspot.com"
  },
  "client": [
    {
      "client_info": {
        "mobilesdk_app_id": "1:146605467751:android:2dedd32dff86c0952a0cc2",
        "android_client_info": {
          "package_name": "com.mycompany.gdsc"
        }
      },
      "oauth_client": [
        {
          "client_id": "146605467751-iauhossmf0djpvunctmpt9t7is47dntd.apps.googleusercontent.com",
          "client_type": 1,
          "android_info": {
            "package_name": "com.mycompany.gdsc",
            "certificate_hash": "9bbb3186b2189ef16d8f272bdab59362c395cbb4"
          }
        },
        {
          "client_id": "146605467751-a103kb6ffmbs4384rt4uk0mploptnnd3.apps.googleusercontent.com",
          "client_type": 3
        }
      ],
      "api_key": [
        {
          "current_key": "AIzaSyAsI3YnZ4fqP5tK00ye7vtrNwWYP0fwRoI"
        }
      ],
      "services": {
        "appinvite_service": {
          "other_platform_oauth_client": [
            {
              "client_id": "146605467751-0mumi5u0a2m31gh63feji5uin7slism7.apps.googleusercontent.com",
              "client_type": 3
            },
            {
              "client_id": "146605467751-mr72htpdbokf5k036e4fl1sh4rje4mvq.apps.googleusercontent.com",
              "client_type": 2,
              "ios_info": {
                "bundle_id": "com.mycompany.gdsc"
              }
            }
          ]
        }
      }
    }
  ],
  "configuration_version": "1"
}